cust_id,first_name,last_name,phone_no,email,house_no,locality,city,state,country,pin_code,username,pass_word
1,Melinde,Cammacke,7193342713,mcammacke0@examiner.com,19323,8th,Colorado Springs,Colorado,United States,809351,mcammacke0,ymknkeQ
2,Minna,Westgate,7024360965,mwestgate1@infoseek.co.jp,1,Dapin,Las Vegas,Nevada,United States,891101,mwestgate1,TgtwTEb2
3,Hewe,Tolputt,8597161335,htolputt2@paypal.com,90352,Red Cloud,Lexington,Kentucky,United States,405241,htolputt2,tFT2qaR
4,Ekaterina,Ivancevic,5867671636,eivancevic3@nbcnews.com,8,Bunting,Warren,Michigan,United States,480921,eivancevic3,a02JhVeBgEHj
5,Georgiana,Goadby,9184128870,ggoadby4@cnn.com,0,Surrey,Tulsa,Oklahoma,United States,741841,ggoadby4,L82TvrV3nQh
6,Aurie,Hubatsch,8086380469,ahubatsch5@google.it,13,Raven,Honolulu,Hawaii,United States,968501,ahubatsch5,cQfaCZshfRbn
7,Minny,Brightwell,5052218912,mbrightwell6@bbc.co.uk,9869,Grayhawk,Santa Fe,New Mexico,United States,875051,mbrightwell6,r0udqVvE
8,Christoffer,Klemensiewicz,4103609411,cklemensiewicz7@europa.eu,494,Atwood,Baltimore,Maryland,United States,212811,cklemensiewicz7,t4RSoHt966wf
9,Jaye,Lehmann,8132205203,jlehmann8@weather.com,60115,Eastwood,Tampa,Florida,United States,336101,jlehmann8,Ltr5ptzfB3S
10,Renard,Simmonite,7019151971,rsimmonite9@com.com,48,Redwing,Fargo,North Dakota,United States,581061,rsimmonite9,k6EUBtCOB
11,Marchelle,Schwander,5176484002,mschwandera@xing.com,64859,Glacier Hill,Lansing,Michigan,United States,489301,mschwandera,c6VmLiT1w
12,Olivier,Sam,4146905898,osamb@ebay.co.uk,9958,Hollow Ridge,Milwaukee,Wisconsin,United States,532851,osamb,wKjQSuEFkmH
13,Elfrieda,Scurman,2402343310,escurmanc@google.com.au,31375,South,Gaithersburg,Maryland,United States,208831,escurmanc,iwmdH45va
14,Allyce,Kleinlerer,5595331144,akleinlererd@cornell.edu,70755,Redwing,Fresno,California,United States,937731,akleinlererd,frvF3BBa
15,Rosalind,Kremer,7187032803,rkremere@paypal.com,4,East,Bronx,New York,United States,104741,rkremere,QGMcUrsZ
16,Eleni,Karby,3103042086,ekarbyf@google.com.br,3337,Talmadge,Santa Monica,California,United States,904101,ekarbyf,gXV4j1qSh
17,Charmine,Pudden,7862024664,cpuddeng@guardian.co.uk,78490,3rd,Miami,Florida,United States,332451,cpuddeng,96lbiSd2wesg
18,Enrika,Bartomeu,5014769885,ebartomeuh@e-recht24.de,93417,Golden Leaf,Little Rock,Arkansas,United States,722221,ebartomeuh,Zmz7ImDq
19,Kristyn,Stabbins,6028335184,kstabbinsi@earthlink.net,5,Prairie Rose,Phoenix,Arizona,United States,850671,kstabbinsi,prk4cOi08V
20,Washington,Grayham,7138739198,wgrayhamj@ask.com,3358,Grayhawk,Houston,Texas,United States,772501,wgrayhamj,pittdZ2U
21,Goddard,Toderbrugge,3158846137,gtoderbruggek@un.org,79,Armistice,Syracuse,New York,United States,132051,gtoderbruggek,guCroZrhz
22,Heinrik,Ygoe,3234539246,hygoel@storify.com,0,Lighthouse Bay,Los Angeles,California,United States,900201,hygoel,yBxPezW
23,Sandy,Gallety,5048271297,sgalletym@mac.com,9,Goodland,New Orleans,Louisiana,United States,701871,sgalletym,lISoRrMed
24,Kerry,Beardmore,6785769259,kbeardmoren@nih.gov,14,Pond,Atlanta,Georgia,United States,303401,kbeardmoren,Bi6566Wbf
25,Ilaire,Coleridge,6505676348,icoleridgeo@bbb.org,72360,Sauthoff,Palo Alto,California,United States,943021,icoleridgeo,BmW1WRDIUnK
26,Joshia,Give,5717242247,jgivep@naver.com,86,Milwaukee,Vienna,Virginia,United States,221841,jgivep,qhjEdUVg
27,Enrika,Lambdin,7133382154,elambdinq@delicious.com,95,Esch,Houston,Texas,United States,772231,elambdinq,YwwzSJ7Si4n
28,Allianora,L'Archer,2603881257,alarcherr@sogou.com,642,Jenna,Fort Wayne,Indiana,United States,468141,alarcherr,xqwbo2y8nF
29,Felic,Gawler,8601982559,fgawlers@oakley.com,145,Texas,Hartford,Connecticut,United States,616011,fgawlers,YFseVHYIjkrx
30,Raina,Myderscough,9893160289,rmyderscought@google.it,84,Stang,Saginaw,Michigan,United States,486091,rmyderscought,tjYtCwqH37
31,Wood,Figiovanni,6087811650,wfigiovanniu@auda.org.au,5,Monterey,Madison,Wisconsin,United States,537161,wfigiovanniu,xMKqA1xPiyle
32,Malena,Chiddy,6263476220,mchiddyv@acquirethisname.com,8,Surrey,Pasadena,California,United States,911171,mchiddyv,mUyBdWlR
33,Yanaton,Swatten,3142315180,yswattenw@spotify.com,96,Messerschmidt,Saint Louis,Missouri,United States,631161,yswattenw,WGp7vWP
34,Micah,Athersmith,8509699156,mathersmithx@google.co.jp,4,Warbler,Tallahassee,Florida,United States,323091,mathersmithx,gl6kvXZEt
35,Marie,Doram,9151375074,mdoramy@blogs.com,4,Fisk,El Paso,Texas,United States,885351,mdoramy,3CU4Asn
36,Alec,Kimbling,9097028920,akimblingz@irs.gov,125,Northwestern,Pomona,California,United States,917971,akimblingz,PgPCE4W
37,Oliy,Sharp,7181399492,osharp10@cyberchimps.com,7960,Dorton,Brooklyn,New York,United States,112361,osharp10,5ji0o3F
38,Annalee,Faich,7195455086,afaich11@plala.or.jp,8490,Lawn,Colorado Springs,Colorado,United States,809951,afaich11,QVHjOA
39,Corella,Wones,7082023548,cwones12@theatlantic.com,3466,Lien,Schaumburg,Illinois,United States,601931,cwones12,6jkw03nq8
40,Nero,Baraclough,4136697977,nbaraclough13@goo.gl,80,Sunbrook,Springfield,Massachusetts,United States,112911,nbaraclough13,4WPVKnCz
41,Shauna,Shovlin,8473391081,sshovlin14@cyberchimps.com,2585,Briar Crest,Chicago,Illinois,United States,606301,sshovlin14,DhzRCaHv
42,Jobyna,Milbank,8166700398,jmilbank15@yellowbook.com,27,Meadow Ridge,Kansas City,Missouri,United States,641421,jmilbank15,uS3PcZT
43,Hesther,McArt,9186261242,hmcart16@who.int,5,Oxford,Tulsa,Oklahoma,United States,741701,hmcart16,PLdxJm6uP
44,Jessie,Stubbley,2161956965,jstubbley17@arstechnica.com,9,Nancy,Cleveland,Ohio,United States,441301,jstubbley17,7VDds5cV
45,Norrie,Scroyton,2695000091,nscroyton18@slate.com,432,Iowa,Battle Creek,Michigan,United States,490181,nscroyton18,oPnsoXk8SvKP
46,Simona,Jowers,3194690753,sjowers19@cpanel.net,801,Nobel,Cedar Rapids,Iowa,United States,524051,sjowers19,C8ViO5k
47,Karina,Godby,9132454091,kgodby1a@patch.com,4066,Coolidge,Shawnee Mission,Kansas,United States,662201,kgodby1a,6ICLhHtO
48,Rubetta,Flett,5049506892,rflett1b@unc.edu,8,Lawn,Metairie,Louisiana,United States,700051,rflett1b,jTlwIt5K7Sx
49,Jelene,Clementet,2179181304,jclementet1c@jimdo.com,824,Birchwood,Springfield,Illinois,United States,627051,jclementet1c,m4etagSpjYWW
50,Sayre,Gundry,4044264552,sgundry1d@washingtonpost.com,906,Charing Cross,Lawrenceville,Georgia,United States,302451,sgundry1d,9KKvE4F5eT
